{"cameraMode":{"drawMode":0,"name":"Shaded","section":"Shading Mode"},"sceneLighting":false,"audioPlay":false,"sceneViewState":{"showFog":true,"showMaterialUpdate":false,"showSkybox":false,"showFlares":true,"showImageEffects":true,"showParticleSystems":true},"in2DMode":false,"pivot":{"x":5.587935447692871e-9,"y":-9.313225746154786e-10,"z":-0.0029203686863183977},"rotation":{"x":0.20109006762504579,"y":0.3829837143421173,"z":-0.08280933648347855,"w":0.8988287448883057},"size":0.04769819974899292,"orthographic":false}