{"cameraMode":{"drawMode":0,"name":"Shaded","section":"Shading Mode"},"sceneLighting":false,"audioPlay":false,"sceneViewState":{"showFog":true,"showMaterialUpdate":false,"showSkybox":false,"showFlares":true,"showImageEffects":true,"showParticleSystems":true},"in2DMode":false,"pivot":{"x":0.0420660525560379,"y":0.27432581782341006,"z":0.008732616901397705},"rotation":{"x":0.21827886998653413,"y":0.7472847700119019,"z":-0.2875690162181854,"w":0.5595519542694092},"size":1.997151255607605,"orthographic":false}