{"cameraMode":{"drawMode":0,"name":"Shaded","section":"Shading Mode"},"sceneLighting":false,"audioPlay":false,"sceneViewState":{"showFog":true,"showMaterialUpdate":false,"showSkybox":false,"showFlares":true,"showImageEffects":true,"showParticleSystems":true},"in2DMode":false,"pivot":{"x":0.14807260036468507,"y":0.8052953481674194,"z":0.007879257202148438},"rotation":{"x":0.21656732261180879,"y":0.078091561794281,"z":-0.017358381301164628,"w":0.973018229007721},"size":3.5952863693237306,"orthographic":false}