{"cameraMode":{"drawMode":0,"name":"Shaded","section":"Shading Mode"},"sceneLighting":false,"audioPlay":false,"sceneViewState":{"showFog":true,"showMaterialUpdate":false,"showSkybox":false,"showFlares":true,"showImageEffects":true,"showParticleSystems":true},"in2DMode":false,"pivot":{"x":-1.0099999904632569,"y":0.8300000429153442,"z":0.7099999785423279},"rotation":{"x":0.19707182049751283,"y":0.29947248101234438,"z":-0.06333903968334198,"w":0.9314143061637878},"size":2.3952865600585939,"orthographic":false}