{"cameraMode":{"drawMode":0,"name":"Shaded","section":"Shading Mode"},"sceneLighting":false,"audioPlay":false,"sceneViewState":{"showFog":true,"showMaterialUpdate":false,"showSkybox":false,"showFlares":true,"showImageEffects":true,"showParticleSystems":true},"in2DMode":false,"pivot":{"x":-0.17195475101470948,"y":0.20308610796928407,"z":-0.17869150638580323},"rotation":{"x":-0.04532664269208908,"y":0.5657221078872681,"z":-0.0347253754734993,"w":-0.8236798644065857},"size":2.4088244438171388,"orthographic":false}