{"cameraMode":{"drawMode":0,"name":"Shaded","section":"Shading Mode"},"sceneLighting":false,"audioPlay":false,"sceneViewState":{"showFog":true,"showMaterialUpdate":false,"showSkybox":false,"showFlares":true,"showImageEffects":true,"showParticleSystems":true},"in2DMode":false,"pivot":{"x":0.7581047415733337,"y":0.5114406943321228,"z":2.8068699836730959},"rotation":{"x":0.07344768941402435,"y":0.04835302010178566,"z":-0.0028050635010004045,"w":0.9969472289085388},"size":2.80609130859375,"orthographic":false}