{"cameraMode":{"drawMode":0,"name":"Shaded","section":"Shading Mode"},"sceneLighting":true,"audioPlay":false,"sceneViewState":{"showFog":true,"showMaterialUpdate":false,"showSkybox":true,"showFlares":true,"showImageEffects":true,"showParticleSystems":true},"in2DMode":false,"pivot":{"x":-1.0954101085662842,"y":3.8606045246124269,"z":-0.8390735387802124},"rotation":{"x":-0.2591473460197449,"y":-0.4898425340652466,"z":0.15150728821754456,"w":-0.8199617266654968},"size":3.149916410446167,"orthographic":false}