{"cameraMode":{"drawMode":0,"name":"Shaded","section":"Shading Mode"},"sceneLighting":true,"audioPlay":false,"sceneViewState":{"showFog":true,"showMaterialUpdate":false,"showSkybox":true,"showFlares":true,"showImageEffects":true,"showParticleSystems":true},"in2DMode":false,"pivot":{"x":0.20676054060459138,"y":-0.1959228515625,"z":0.3541610836982727},"rotation":{"x":0.2998334467411041,"y":-0.5314155220985413,"z":0.20846106112003327,"w":0.7644060254096985},"size":10.960546493530274,"orthographic":false}