{"cameraMode":{"drawMode":0,"name":"Shaded","section":"Shading Mode"},"sceneLighting":true,"audioPlay":false,"sceneViewState":{"showFog":true,"showMaterialUpdate":false,"showSkybox":true,"showFlares":true,"showImageEffects":true,"showParticleSystems":true},"in2DMode":false,"pivot":{"x":-0.632929801940918,"y":0.41138505935668948,"z":-1.0863027572631837},"rotation":{"x":0.21827886998653413,"y":0.7472847700119019,"z":-0.2875690162181854,"w":0.5595519542694092},"size":5.99248743057251,"orthographic":false}