{"cameraMode":{"drawMode":0,"name":"Shaded","section":"Shading Mode"},"sceneLighting":false,"audioPlay":false,"sceneViewState":{"showFog":true,"showMaterialUpdate":false,"showSkybox":false,"showFlares":true,"showImageEffects":true,"showParticleSystems":true},"in2DMode":false,"pivot":{"x":-0.17513686418533326,"y":-0.14364606142044068,"z":-0.28691160678863528},"rotation":{"x":-0.264006644487381,"y":-0.024447999894618989,"z":0.005456811748445034,"w":-0.9650575518608093},"size":1.1685137748718262,"orthographic":false}