{"cameraMode":{"drawMode":0,"name":"Shaded","section":"Shading Mode"},"sceneLighting":true,"audioPlay":false,"sceneViewState":{"showFog":true,"showMaterialUpdate":false,"showSkybox":true,"showFlares":true,"showImageEffects":true,"showParticleSystems":true},"in2DMode":false,"pivot":{"x":-0.040355801582336429,"y":-0.09055358171463013,"z":0.19349749386310578},"rotation":{"x":-0.3347123861312866,"y":0.06477411091327667,"z":-0.02531205676496029,"w":-0.9406634569168091},"size":0.6461015939712524,"orthographic":false}