{"cameraMode":{"drawMode":0,"name":"Shaded","section":"Shading Mode"},"sceneLighting":false,"audioPlay":false,"sceneViewState":{"showFog":true,"showMaterialUpdate":false,"showSkybox":false,"showFlares":true,"showImageEffects":true,"showParticleSystems":true},"in2DMode":false,"pivot":{"x":-0.4111706018447876,"y":0.9589343070983887,"z":-0.19571268558502198},"rotation":{"x":-0.06961727142333985,"y":0.8518239855766296,"z":-0.11874313652515412,"w":-0.5065484046936035},"size":2.400057077407837,"orthographic":false}