{"cameraMode":{"drawMode":0,"name":"Shaded","section":"Shading Mode"},"sceneLighting":false,"audioPlay":false,"sceneViewState":{"showFog":true,"showMaterialUpdate":false,"showSkybox":false,"showFlares":true,"showImageEffects":true,"showParticleSystems":true},"in2DMode":false,"pivot":{"x":-0.14306914806365968,"y":0.28342461585998537,"z":0.19265711307525636},"rotation":{"x":-0.19471530616283418,"y":0.6406381726264954,"z":-0.17394737899303437,"w":-0.7228785157203674},"size":2.400057077407837,"orthographic":false}