{"cameraMode":{"drawMode":0,"name":"Shaded","section":"Shading Mode"},"sceneLighting":false,"audioPlay":false,"sceneViewState":{"showFog":true,"showMaterialUpdate":false,"showSkybox":false,"showFlares":true,"showImageEffects":true,"showParticleSystems":true},"in2DMode":false,"pivot":{"x":13.010111808776856,"y":0.5886478424072266,"z":3.8257827758789064},"rotation":{"x":-0.1388663947582245,"y":-0.3339027464389801,"z":0.047010213136672977,"w":-0.9319691061973572},"size":44.69608688354492,"orthographic":false}