{"cameraMode":{"drawMode":0,"name":"Shaded","section":"Shading Mode"},"sceneLighting":true,"audioPlay":false,"sceneViewState":{"showFog":true,"showMaterialUpdate":false,"showSkybox":true,"showFlares":true,"showImageEffects":true,"showParticleSystems":true},"in2DMode":false,"pivot":{"x":-4.5707926750183109,"y":2.4833292961120607,"z":-0.9193229675292969},"rotation":{"x":0.05371229350566864,"y":0.9369838833808899,"z":-0.3025353252887726,"w":0.16644783318042756},"size":84.10661315917969,"orthographic":false}