{"cameraMode":{"drawMode":0,"name":"Shaded","section":"Shading Mode"},"sceneLighting":false,"audioPlay":false,"sceneViewState":{"showFog":true,"showMaterialUpdate":false,"showSkybox":false,"showFlares":true,"showImageEffects":true,"showParticleSystems":true},"in2DMode":false,"pivot":{"x":-1.6483099460601807,"y":1.327491044998169,"z":-1.6927851438522339},"rotation":{"x":0.02810811623930931,"y":-0.4852169156074524,"z":-0.017396794632077218,"w":-0.8747207522392273},"size":1.1685137748718262,"orthographic":false}