{"cameraMode":{"drawMode":0,"name":"Shaded","section":"Shading Mode"},"sceneLighting":true,"audioPlay":false,"sceneViewState":{"showFog":true,"showMaterialUpdate":false,"showSkybox":true,"showFlares":true,"showImageEffects":true,"showParticleSystems":true},"in2DMode":false,"pivot":{"x":-3.4417285919189455,"y":1.661422610282898,"z":1.325681447982788},"rotation":{"x":0.1578160524368286,"y":0.6804216504096985,"z":-0.15160192549228669,"w":0.7001277804374695},"size":2.8101415634155275,"orthographic":false}