{"cameraMode":{"drawMode":0,"name":"Shaded","section":"Shading Mode"},"sceneLighting":true,"audioPlay":false,"sceneViewState":{"showFog":true,"showMaterialUpdate":false,"showSkybox":true,"showFlares":true,"showImageEffects":true,"showParticleSystems":true},"in2DMode":false,"pivot":{"x":0.2529757618904114,"y":-0.09860165417194367,"z":0.7080830335617065},"rotation":{"x":-0.09769556671380997,"y":-0.5180453062057495,"z":0.05841368809342384,"w":-0.8484342098236084},"size":-1.8712997436523438,"orthographic":false}