{"cameraMode":{"drawMode":0,"name":"Shaded","section":"Shading Mode"},"sceneLighting":true,"audioPlay":false,"sceneViewState":{"showFog":true,"showMaterialUpdate":false,"showSkybox":true,"showFlares":true,"showImageEffects":true,"showParticleSystems":true},"in2DMode":false,"pivot":{"x":-1.3869333267211915,"y":0.017421960830688478,"z":0.40492260456085207},"rotation":{"x":-0.0862639918923378,"y":0.6733787059783936,"z":-0.08094329386949539,"w":-0.7305169701576233},"size":4.251743316650391,"orthographic":false}