{"cameraMode":{"drawMode":0,"name":"Shaded","section":"Shading Mode"},"sceneLighting":false,"audioPlay":false,"sceneViewState":{"showFog":true,"showMaterialUpdate":false,"showSkybox":false,"showFlares":true,"showImageEffects":true,"showParticleSystems":true},"in2DMode":false,"pivot":{"x":1.4082046747207642,"y":0.10093724727630615,"z":-2.7820017337799074},"rotation":{"x":-0.44333916902542117,"y":-0.39216431975364687,"z":0.22334083914756776,"w":-0.775500476360321},"size":2.5298030376434328,"orthographic":false}