{"cameraMode":{"drawMode":0,"name":"Shaded","section":"Shading Mode"},"sceneLighting":false,"audioPlay":false,"sceneViewState":{"showFog":true,"showMaterialUpdate":false,"showSkybox":false,"showFlares":true,"showImageEffects":true,"showParticleSystems":true},"in2DMode":false,"pivot":{"x":-0.772627592086792,"y":3.65138578414917,"z":3.1553664207458498},"rotation":{"x":-0.10862107574939728,"y":-0.6938211917877197,"z":0.10691458731889725,"w":-0.7038979530334473},"size":3.5989327430725099,"orthographic":false}