{"cameraMode":{"drawMode":0,"name":"Shaded","section":"Shading Mode"},"sceneLighting":true,"audioPlay":false,"sceneViewState":{"showFog":true,"showMaterialUpdate":false,"showSkybox":true,"showFlares":true,"showImageEffects":true,"showParticleSystems":true},"in2DMode":false,"pivot":{"x":-1.9157917499542237,"y":0.9479494094848633,"z":-1.5841572284698487},"rotation":{"x":-0.21919380128383637,"y":0.6569716930389404,"z":-0.2087593525648117,"w":-0.6905825138092041},"size":3.7839515209198,"orthographic":false}