{"cameraMode":{"drawMode":0,"name":"Shaded","section":"Shading Mode"},"sceneLighting":true,"audioPlay":false,"sceneViewState":{"showFog":true,"showMaterialUpdate":false,"showSkybox":true,"showFlares":true,"showImageEffects":true,"showParticleSystems":true},"in2DMode":false,"pivot":{"x":1.2710819244384766,"y":0.022894620895385743,"z":1.5082943439483643},"rotation":{"x":0.02016042359173298,"y":0.9612125158309937,"z":-0.07066478580236435,"w":0.2682184875011444},"size":3.9363152980804445,"orthographic":false}