{"cameraMode":{"drawMode":0,"name":"Shaded","section":"Shading Mode"},"sceneLighting":true,"audioPlay":false,"sceneViewState":{"showFog":true,"showMaterialUpdate":false,"showSkybox":true,"showFlares":true,"showImageEffects":true,"showParticleSystems":true},"in2DMode":false,"pivot":{"x":-1.529713749885559,"y":0.9605563282966614,"z":2.217895984649658},"rotation":{"x":-0.2880682945251465,"y":0.1412496268749237,"z":-0.043119028210639957,"w":-0.9463631510734558},"size":5.7107415199279789,"orthographic":false}