{"cameraMode":{"drawMode":0,"name":"Shaded","section":"Shading Mode"},"sceneLighting":true,"audioPlay":false,"sceneViewState":{"showFog":true,"showMaterialUpdate":false,"showSkybox":true,"showFlares":true,"showImageEffects":true,"showParticleSystems":true},"in2DMode":false,"pivot":{"x":-4.4081807136535648,"y":0.8801013231277466,"z":-4.855007171630859},"rotation":{"x":-0.16085658967494965,"y":-0.8318877220153809,"z":0.3105734884738922,"w":-0.43086540699005129},"size":2.152437686920166,"orthographic":false}