{"cameraMode":{"drawMode":0,"name":"Shaded","section":"Shading Mode"},"sceneLighting":true,"audioPlay":false,"sceneViewState":{"showFog":true,"showMaterialUpdate":false,"showSkybox":true,"showFlares":true,"showImageEffects":true,"showParticleSystems":true},"in2DMode":false,"pivot":{"x":0.8727303147315979,"y":0.045575618743896487,"z":3.1518921852111818},"rotation":{"x":-0.19883108139038087,"y":0.09218232333660126,"z":-0.018700387328863145,"w":-0.9757989048957825},"size":6.853186130523682,"orthographic":false}